feedback_id,ride_id,rating,comment
1,622,3,Condition edge anything outside five mission back bar.
2,1212,4,Something voice outside meeting remember edge of well.
3,617,3,Require west draw tax.
4,1706,2,Point opportunity unit reduce response into.
5,1576,5,Single themselves form reflect.
6,1327,3,Second baby able middle.
7,1600,1,Phone machine scientist argue result.
8,1089,1,Night produce science like.
9,47,2,City less industry government consumer blood.
10,1955,4,Growth so box particularly.
11,1122,4,Decade moment dark actually fire century cup.
12,935,1,Degree several pressure whether address.
13,894,2,As turn marriage seek.
14,160,1,Down play door together before parent drug.
15,497,2,Create matter often score institution.
16,291,1,Space hundred everybody.
17,55,2,Author situation investment experience yeah factor.
18,572,5,Air event article behavior role.
19,1586,3,Collection religious range because fast.
20,554,4,They television take better simply final.
21,1474,5,Seek some despite work.
22,800,4,From event step cold consider list.
23,1400,2,Last herself camera view either full.
24,1719,5,Affect whatever mother main six.
25,1419,3,Lose week choice close carry quality work.
26,262,4,Successful sea market.
27,239,4,Data issue nation.
28,697,4,Heavy article we last.
29,219,2,East fire because everything environmental scientist.
30,972,1,Democratic issue entire age organization company produce.
31,427,4,Successful bring assume future happen area speech join.
32,314,4,Party must one dog another.
33,1656,2,Something enter cover contain.
34,340,4,Want to easy modern after allow provide.
35,360,5,Ever defense positive consider ask practice.
36,1320,4,Drug information trial position.
37,95,2,Relate song carry yes past.
38,245,1,Part ahead own activity military.
39,785,2,Sure bed collection owner.
40,1972,2,You boy artist half state federal learn.
41,1628,2,Buy management north personal prepare.
42,105,4,Itself sit major position yet culture community.
43,803,3,Country later everyone rule along view music.
44,664,1,Trade business black country number over.
45,1149,5,Poor program his first evidence hard.
46,1722,3,Something natural executive.
47,1426,3,Activity lot everyone not.
48,1351,3,Ball radio now face.
49,893,4,Actually fill very me.
50,133,4,Plant push morning moment century.
51,947,1,Radio create move shake find.
52,1130,2,Up glass rather five might particularly practice.
53,983,3,Forward word wind.
54,1536,4,Phone unit whole outside.
55,94,1,Focus each recent positive difference myself road.
56,1836,2,Family agreement fear.
57,1942,2,Final happen scientist future compare fight place.
58,1388,4,Whose economic civil have woman.
59,614,4,Side race participant bank simply probably.
60,1098,4,Today less probably leader.
61,1658,2,List page American crime pattern heart station.
62,857,3,Life front always accept impact law.
63,1596,5,Continue during beautiful participant exist.
64,147,4,Arm third free girl.
65,1821,3,Much administration program than religious writer.
66,1805,3,Us discussion trial arm soon our standard quickly.
67,707,5,Campaign get six population kind although term.
68,772,3,Others summer ten.
69,1963,3,Technology toward arrive show.
70,1976,3,Create card picture other.
71,1078,3,News above future state blue this yourself here.
72,1504,4,Today middle according go positive.
73,708,3,Everything fall where morning.
74,144,2,Ever special fall enjoy scientist own baby.
75,1742,3,Realize interesting soon anything food dark others.
76,603,4,Provide according every door.
77,1074,3,Artist show nothing drug really beyond.
78,6,5,Build walk idea tough he.
79,63,5,As dog loss little least it.
80,1765,4,Yet believe shake chance night.
81,1549,3,Large level table as.
82,677,3,Join figure better town.
83,642,5,Important skin million fall within sound.
84,338,5,Suggest must class north pay memory back.
85,275,5,Order manager push film quite nor.
86,1806,1,Seem rule measure kitchen six create how.
87,1230,4,Party suffer drive chair.
88,723,5,Cut compare citizen boy time usually themselves.
89,568,4,Party remember meeting there mind know.
90,578,2,Even since design get indicate room.
91,1772,2,Course house suddenly likely heavy chair.
92,1803,4,Way available thing.
93,1940,3,Necessary I police amount leader issue side.
94,594,1,Everybody price return former understand through different itself.
95,646,5,Country author our example tree.
96,1546,1,Special town those take moment citizen computer catch.
97,28,2,Become maintain much technology include term yard.
98,1690,1,Team image risk.
99,123,4,Again lead quality indicate only.
100,1747,3,Area hear star recently affect.
101,169,1,Wide view maintain free alone.
102,887,4,Technology great on want.
103,1258,1,Century window future operation picture member rock.
104,681,3,Where state travel friend rock scientist.
105,106,2,View different size yourself.
106,274,5,In group war exactly attention.
107,937,4,Range candidate picture speech father require.
108,1237,3,Blue soldier born cause thus report knowledge.
109,1847,1,Animal seek language next.
110,1290,1,Player cover pattern media nearly.
111,1795,1,None few follow whose attack movie.
112,890,1,His travel only staff candidate subject.
113,1357,5,Here study next force teach government start.
114,525,2,Until easy indeed say.
115,254,5,My few vote important prove her method.
116,1990,4,Know establish take resource wife go push.
117,1014,1,Idea maybe safe yeah society.
118,923,5,I southern writer Congress.
119,87,5,Threat technology religious want hold open.
120,1995,2,Mother forward prove add role whatever music ground.
121,1381,1,Friend another modern color.
122,1929,1,Than specific agreement month.
123,281,3,Toward computer face blood yeah region work.
124,1066,1,Campaign matter of wonder.
125,536,4,Discuss home heavy book mother cup.
126,855,3,Edge health mother.
127,1153,5,Peace phone support chair.
128,398,2,Piece within small.
129,757,3,Save single pretty official television option.
130,874,1,Allow represent television song strong site.
131,915,5,Here friend large member.
132,1521,5,Conference leave vote computer everybody.
133,464,2,Customer TV television present protect soon tree.
134,460,4,Senior clearly attack development still.
135,295,2,Western for opportunity know remember our.
136,1407,4,Beat Republican year federal employee seven stop.
137,1077,3,Here game look city imagine.
138,202,5,Happen even list work.
139,1599,2,Military institution painting order usually.
140,1979,5,Movie save building TV strong without.
141,1032,4,With your support learn follow need at organization.
142,801,4,Relationship star more book play economic make.
143,1865,1,Wife spring rock stuff appear.
144,381,1,Long these light individual enter.
145,756,5,Wish music position crime rise system some.
146,791,1,Identify they former.
147,1377,2,Fish cover four develop.
148,435,4,Hand history morning light final table own.
149,74,1,Home social its especially question to old.
150,1697,3,Him edge seven million.
151,682,2,Marriage evening me popular should Mrs simple.
152,1888,3,Government arrive the politics indeed PM along development.
153,200,1,Conference class or reduce positive that activity now.
154,1925,5,Toward animal people finally begin again life.
155,636,5,Society light successful three article value.
156,1978,3,Woman ahead another life.
157,1183,4,Writer Republican sound drop child part attorney.
158,436,1,Physical under save idea federal.
159,739,2,Again mean everyone door include.
160,1395,3,North site standard tax model drive.
161,1559,4,Face fish lot behind performance.
162,230,4,Consider network thought wrong employee woman month.
163,1040,2,Onto maintain environment community.
164,1211,5,Score many smile campaign sort whose.
165,1215,3,Tax general sense music.
166,854,1,Relationship painting from position sister wish eat audience.
167,1493,3,Game strategy important during class remember though mention.
168,98,1,Fill easy environment none.
169,814,5,Court PM sea child.
170,1443,4,Commercial exactly likely quite number never green.
171,495,5,Ahead front everything.
172,1295,3,Maybe coach turn term respond east.
173,3,2,Accept relate do all chance.
174,237,2,Be right executive structure politics standard animal various.
175,433,2,Response paper both easy.
176,563,1,Personal house finish direction industry now speech.
177,1170,1,Human rather specific thus.
178,665,2,Region son here.
179,956,2,Of give speak without.
180,921,4,Hour new thank night.
181,1347,5,Together stand save one activity.
182,1045,3,Analysis floor son ball report test pull.
183,1513,2,Consumer edge follow example usually center.
184,566,1,Major interesting share whole watch imagine.
185,1178,5,Always drop black.
186,1514,3,Great hope partner organization.
187,1801,1,Act itself business baby perform.
188,1562,2,Explain bad policy million item.
189,1126,4,Under worry identify tonight attention include discuss.
190,1602,1,Budget response film fight.
191,1125,1,Defense name reveal end simple central.
192,103,4,Material chair new at prevent many history.
193,1341,2,Spend always food carry term.
194,309,4,National hold commercial nice various wonder.
195,1200,4,Collection land capital president force unit growth.
196,1356,2,Myself once though.
197,526,2,Say realize management tree.
198,12,3,Address contain site watch oil hear.
199,1323,4,Public property road feel interesting find.
200,1904,4,Reach director big fall cultural place fund.
201,329,3,Nature nature simply important guy character.
202,996,3,Number learn middle production its democratic bed.
203,1463,2,May ahead third say room.
204,891,1,Energy program measure sense probably.
205,1926,5,Send light car but newspaper arrive.
206,1595,3,Continue east poor mean against since.
207,815,2,See he sort find professor be write.
208,1779,2,Land two sister drug.
209,871,4,Tree sign by tonight view ask even decide.
210,531,4,Cold care firm fast with.
211,1953,4,Themselves bill time.
212,989,4,Hundred realize later.
213,1193,5,Shake role suffer assume page.
214,1096,1,Picture today much indeed officer.
215,1753,5,Off anyone drop next quality.
216,1688,5,Increase do everybody.
217,1831,2,At guy laugh one guy close.
218,1336,4,Movie at central bank.
219,1274,4,Capital consider office me writer four exist.
220,125,1,Can heart teach crime certain night minute yes.
221,1083,2,So best physical myself ever push sound whom.
222,1862,5,Race may allow force.
223,1021,1,Sure month base class rock.
224,1654,1,From water ok heavy allow analysis.
225,955,4,Around teacher financial.
226,615,1,Save suddenly human hotel letter.
227,1585,5,Key nothing mouth his rich note.
228,8,5,Sing ability story almost edge.
229,895,4,Build should then exactly tree.
230,1319,5,None another actually join change stop.
231,639,5,Threat find debate dark above.
232,189,5,Size pretty long box pass somebody hope.
233,1016,5,Once store not whole trial.
234,1769,3,Price speak design concern water need probably.
235,86,4,Sing most produce personal style once environment.
236,1462,5,None from wide idea movement everyone.
237,621,1,Hour per true statement item career.
238,726,5,Program article start themselves plan step fly explain.
239,743,4,Value every example though cut.
240,186,3,Fish finally clear design behavior expect.
241,155,5,Congress raise ago.
242,1968,5,Between threat approach must involve himself.
243,1482,5,Support wide beautiful.
244,916,5,Fish your against start.
245,1917,2,Without floor chance family.
246,879,4,Officer modern job address total walk.
247,17,5,Around condition accept sign.
248,1259,2,Around politics agreement class.
249,878,5,Almost all building top safe early about.
250,1613,3,Generation matter left I song.
251,1108,1,Part family week suffer hair fill.
252,950,5,Democrat evidence majority speech early.
253,327,3,Light amount few area few toward response.
254,1588,2,Just partner spend especially main.
255,66,4,Give manage air white boy.
256,1273,1,Piece must ten.
257,546,4,Data your very also although.
258,692,3,Less occur operation spring itself thank up.
259,364,2,The perhaps school firm front.
260,1086,5,Bag economy side main.
261,1871,2,Treatment human still.
262,64,4,Cost bag mean street majority operation opportunity.
263,1510,2,Trade better practice traditional begin.
264,544,2,Interesting source tonight without throughout include.
265,902,5,Suffer give she international theory.
266,693,1,Difference body either wind market move.
267,1103,1,Speech collection various win college south region once.
268,1908,4,Data program general task it way.
269,1055,5,Manage tell important student make.
270,265,1,Seven hour something despite case issue treatment.
271,1279,1,Probably your have necessary apply heavy station.
272,1005,4,Chair because economy peace.
273,1934,3,Condition vote dinner officer nor political.
274,23,4,Response sit final finally keep lot.
275,824,1,Choice why hour middle still allow free.
276,1951,5,Recognize community current front leader energy kid.
277,79,2,Wind name how get join ago.
278,727,5,Member explain together.
279,85,1,Beat summer picture.
280,949,3,Such artist heart determine force write.
281,1823,3,Blood true theory popular beyond suddenly sea.
282,424,1,Situation key receive card TV if information.
283,919,2,Stand society still hand month one.
284,1478,5,Thing management whole network.
285,1839,3,Market picture show child four.
286,452,4,Human where impact.
287,634,5,Particularly paper single large.
288,349,2,Simple product identify right.
289,1172,3,Exist pay million expert.
290,1221,3,Sort situation style price stuff though most.
291,1293,5,House week season organization.
292,96,1,Before somebody employee tonight.
293,11,2,Head culture above section.
294,1642,5,Coach look how Republican Mrs respond positive.
295,1365,1,Card style onto serious small threat pretty.
296,139,4,Character language blue pick per.
297,977,3,Enough think former nearly admit true dream.
298,1304,4,Yes table may.
299,185,1,Cold old house by light.
300,1135,3,Southern office maintain image when produce.
301,1907,4,Purpose remember sense hold.
302,1815,1,Field television father side.
303,978,1,Executive throw firm back recognize.
304,24,1,Anyone clearly say can.
305,320,5,Charge because agree writer computer all paper store.
306,1450,3,Business today bit yeah affect back prevent.
307,366,1,Executive choice newspaper camera.
308,610,3,Activity remain might take man his per.
309,868,4,Sing at talk class game hard.
310,649,2,By beat somebody radio evidence point.
311,214,4,Senior future month role oil.
312,758,5,Worry receive study stay reveal place always give.
313,374,5,Class rate other force.
314,943,1,Travel government another owner.
315,973,5,Story like treatment great way much wind.
316,1247,4,Different end any possible.
317,243,2,She weight window product want debate.
318,680,5,Price much civil table fast.
319,116,3,Across where indeed unit over plan herself.
320,761,3,Between figure movement.
321,1112,2,Exactly pick Republican would within them.
322,661,5,Production indeed try in sell.
323,958,1,Own thousand lose seven figure.
324,813,1,Hour war fall add ask not fact not.
325,150,2,Full rock difficult human then heavy.
326,1059,1,As identify decision name chance general.
327,1789,4,To measure whatever.
328,113,1,Soon project debate understand.
329,1392,2,Here force defense better money movement.
330,1201,1,Beautiful public American arrive.
331,173,1,Program any there could where.
332,1330,1,Picture fall line perhaps.
333,1226,4,Power opportunity buy adult.
334,984,5,True forget everything green pattern look.
335,1851,5,Through health town catch heart performance clear.
336,689,4,Thus can eight could loss seven.
337,1197,4,Myself pressure certainly science rock rich.
338,50,4,Administration national candidate.
339,1266,3,Common throw believe daughter able.
340,724,3,Home economy whole best food gas.
341,1877,3,Life natural all major so.
342,1385,1,Source five product that north speech.
343,1896,3,Soldier design catch language.
344,449,2,Factor similar nothing view any hand fish.
345,1787,4,Me many card feeling thing whom.
346,538,1,Especially draw western whose available out.
347,1915,3,Develop huge standard wait spring human.
348,1225,4,Side home Congress rest.
349,1143,3,When require realize join this a woman.
350,927,2,Guess certainly Mrs realize.
351,592,2,Then few sense way student born full.
352,1607,2,Bill and determine medical full country.
353,88,1,Sister action yes various.
354,257,5,Buy southern suffer evening ok guy against special.
355,904,1,Road store take catch learn.
356,403,5,Reality range nothing.
357,666,5,Where budget information wait choose where thing.
358,1138,4,Church material bank guy according.
359,1464,2,Develop gas position real ago product source.
360,346,3,History forward save forget may successful.
361,1701,1,Share claim thank even indicate in anything.
362,1603,4,From score purpose yet wrong significant option.
363,1843,3,Should stock various radio pass.
364,1403,5,Drive source be popular create side.
365,205,2,Two ask analysis skill.
366,1695,2,Right strategy center medical win your house.
367,1811,5,Peace degree they.
368,905,4,Stand figure son report.
369,227,2,Suffer who radio cup bad.
370,838,3,Culture thank doctor sure.
371,1681,3,Main quickly something religious.
372,298,5,Difficult reach human save well suffer choice.
373,513,5,Sometimes wall station send candidate.
374,2000,1,Husband international policy walk.
375,180,4,Nation beat although me.
376,1705,2,Since maybe so campaign.
377,1727,5,Laugh free check debate us style morning.
378,1270,4,Stuff nearly trade.
379,59,3,Others center number TV example.
380,1962,1,Issue peace quality partner color reveal character sit.
381,576,1,Remain vote student laugh simple concern everyone.
382,1317,2,Ask situation whose bill.
383,1311,4,No everybody professor effort social.
384,1438,4,Author start last tonight west.
385,1251,5,Before trade human way wind arrive.
386,1018,2,Yeah near like water.
387,948,1,Want eye my choose.
388,565,3,Involve arm investment together prove.
389,974,5,Record even fight help base realize.
390,849,4,Than rate whether where check try collection question.
391,1589,2,Act sometimes agree west.
392,1668,3,Question entire say teach evening class.
393,951,4,Sport we majority.
394,1867,4,Morning site list bring evidence.
395,789,5,Election turn fall turn recognize.
396,286,3,Talk size choose role its prove.
397,1092,3,Seek police member tree contain race.
398,1375,5,Race ball to.
399,1618,3,Each girl say often education.
400,14,1,May conference his pass resource then ever.
401,467,1,Boy what marriage.
402,1582,3,To issue happen evidence.
403,970,5,Drug you race training it energy.
404,10,5,Especially laugh during main buy.
405,248,3,Movie so ball.
406,816,2,Result audience value listen new year.
407,818,5,She camera change air.
408,102,5,Improve on point.
409,463,1,Listen wish would matter.
410,1050,5,Pressure civil central natural last.
411,1196,5,Out nation I.
412,1676,3,Ten young federal himself parent various life doctor.
413,1053,5,Agency whatever sit plant general current manage only.
414,648,3,Opportunity catch since reflect soldier.
415,1770,2,School this personal for language.
416,1898,2,West brother possible feeling tell by dinner.
417,1527,3,Bed phone individual the.
418,1094,2,Admit fine take.
419,1333,2,Consumer some should player.
420,92,5,Care open ago.
421,702,1,Great seek dream relate gun central film.
422,1142,5,Force summer good view.
423,1790,1,Dinner production thousand education.
424,1302,4,Single citizen behind keep old.
425,302,1,Clear senior analysis then view its build glass.
426,54,3,Movement pretty girl budget according.
427,1500,5,Drop improve game stage investment choice leave.
428,500,4,View stand break new.
429,220,4,Pattern night garden us attention give.
430,860,2,Go even moment officer drop win.
431,799,5,Painting million shoulder attack.
432,1678,5,Movie almost story.
433,683,1,Seven long thousand.
434,965,3,Eight child example return what report.
435,1232,1,Cover poor southern professor nothing billion rock.
436,203,4,Happen fall blood until street minute assume.
437,725,5,Have page address price stand kind letter.
438,397,4,Box someone each occur better.
439,1451,4,Analysis it significant policy.
440,1715,2,Audience tax man life many cause.
441,993,4,Democratic point expert that.
442,630,1,Officer measure she sport radio scene city.
443,1980,5,Together name rest today finally.
444,1587,5,Whether cultural special military development sport.
445,1672,3,Full nature whom she chance summer point.
446,1147,3,Oil character reveal example.
447,210,1,Night stand late customer.
448,1575,3,Individual likely stop race anyone city.
449,992,1,Can hit situation kind either miss.
450,290,4,Dark energy for win treat camera write.
451,740,3,Would future require this ever sell ready.
452,1711,2,Republican by strategy state watch.
453,310,5,Although sister fund learn.
454,1186,5,Enter move believe again prepare box today rather.
455,1606,1,Kitchen beautiful commercial so environmental dog station.
456,1156,1,Job night task.
457,1065,1,As simple beat travel whole law.
458,35,2,Nature range leg senior agent raise make feeling.
459,509,2,Name store partner well federal.
460,754,1,Every suffer he mission company question under.
461,896,5,Lead student into unit realize dream dark.
462,1146,2,Finally always per ground recent factor.
463,1288,1,Choose exactly indicate say behind season several.
464,272,1,Wear southern line.
465,1778,2,Bank think over example.
466,401,2,While side nothing a others eight test.
467,1374,5,Current rest respond grow let.
468,1174,3,Imagine member look speech suddenly.
469,184,1,Hundred media sea late minute happy.
470,1601,5,Early religious enter sell.
471,1875,3,Best issue open scientist strong art beautiful.
472,507,1,That claim like southern.
473,1315,1,Doctor over today.
474,1447,3,Republican Mr ask speech side hot actually.
475,699,1,Prevent according sell wish.
476,673,4,Owner look those training walk.
477,236,5,News pull store.
478,502,4,With move part performance city we daughter maybe.
479,1037,3,Every campaign ago return society blood all single.
480,1313,3,Training wish tax chair.
481,408,2,Life story why guess factor growth.
482,399,4,Thing new how involve.
483,292,1,Ten machine environment small lawyer.
484,151,1,Member better friend it environmental.
485,175,2,Nation strategy clear list wife.
486,1857,3,Happen poor buy group speech.
487,1307,2,Reveal her might become ahead.
488,540,4,Main data someone deep health develop start.
489,1577,3,This north position thus.
490,1316,2,Who not back since catch.
491,61,3,Teach key exactly employee job add.
492,817,4,Attorney country away white edge provide collection.
493,1948,4,Control consumer pull several camera different tell.
494,627,2,Thought may like cut able beat.
495,584,3,Watch paper financial teach sea.
496,335,5,None add anything.
497,1416,3,Against everybody campaign language PM.
498,49,4,Fall name hit theory.
499,1324,1,Seven member staff series middle report occur.
500,149,5,Change democratic take performance.
501,157,1,Environment decision entire suggest begin side ago.
502,1556,3,Attention speech ever hotel property.
503,537,4,Many on wait role compare mention nearly view.
504,656,1,Information hand mission section morning probably.
505,258,4,Begin study mention scientist line remember.
506,246,4,Necessary possible family.
507,1704,2,Lawyer themselves should American.
508,1864,1,Hit base say know.
509,1814,4,Add take instead face early.
510,934,5,Seek kid leave power popular deep.
511,206,1,Receive drug hit.
512,1182,3,Yard best actually image blue matter effort.
513,585,1,Board store concern somebody bring bad.
514,1093,5,Remain door another check big enjoy provide.
515,1368,1,More doctor ask generation.
516,637,4,Particularly or off single.
517,1621,4,When low maybe meeting goal nice.
518,423,4,Probably value information weight level generation campaign.
519,1809,2,Stay certain foreign game friend officer.
520,1328,3,Stuff goal campaign wonder resource blue set.
521,1411,4,Trade miss right minute show through.
522,1284,2,Little available agree civil material peace cause.
523,37,4,Son under theory water option school.
524,38,5,Party politics debate officer.
525,1636,1,Bit civil accept case anyone.
526,1429,5,Yard pick recent agent do protect.
527,359,5,Ability night share game future population us.
528,650,1,That sister recent new.
529,1042,2,Thought will play experience debate meeting.
530,163,5,Despite seek letter writer.
531,1276,4,Truth responsibility source visit large draw field.
532,510,4,Spend page suggest five decide.
533,881,4,Read such government doctor theory difference policy.
534,1830,2,Explain gun hair sign.
535,377,4,Keep mean politics near police customer.
536,190,4,Drive identify public party.
537,1637,4,Ready speak wrong nice second science why.
538,1923,3,Thank its officer answer.
539,1634,4,About alone close particularly history never growth.
540,1520,1,Them law difference side.
541,43,4,Myself lot lead tax national.
542,1911,2,Dream apply at light test.
543,1825,3,Field bar attack take personal week.
544,1958,2,There standard particularly coach expect argue as.
545,270,2,Voice billion figure local human.
546,218,5,Western tough offer bad and page.
547,773,3,Loss young want same.
548,1220,5,Different key only way enjoy.
549,1785,2,Yes gas manage fly.
550,373,5,Though specific throughout law test.
551,764,5,Candidate could approach entire newspaper.
552,1210,5,Drug kid a prepare keep.
553,866,2,Decade study media term.
554,985,3,Position value thing as should.
555,1649,5,Thus threat whether bed add.
556,892,5,Miss service base least by.
557,1331,2,Goal program top blue threat.
558,527,4,Federal business idea dark.
559,288,5,Mother hundred hospital fight thought.
560,479,1,Air may away.
561,1294,4,Stop important sort teacher marriage school.
562,443,3,Finish street hot agree research give sit.
563,1969,1,Behind imagine agreement fire save citizen.
564,483,5,Surface whom yard always agency.
565,1344,2,Involve wall game east before best now contain.
566,82,3,Some former successful again necessary consumer those.
567,419,4,Yard hair bill general.
568,597,1,Four democratic trouble hard.
569,1866,4,Trip well prevent commercial.
570,1518,3,Effect yet new ok new common black.
571,1730,4,Weight whom student investment perhaps listen find.
572,1209,3,Rise moment total allow early professional.
573,1027,3,Really sister middle soon reality fish.
574,148,4,Health play indicate reveal cause PM.
575,1913,4,Tonight simple carry despite.
576,523,2,Ahead make structure upon.
577,834,4,Within opportunity if hair without.
578,353,2,Drive agency television mean radio add answer area.
579,456,3,Movie control lawyer growth eight.
580,161,4,Miss produce important picture hope.
581,1159,1,Draw maintain month writer beat them.
582,920,5,Minute sound finally yard.
583,1933,4,Middle hear network call model past.
584,1404,2,Employee international might memory.
585,285,2,Why heavy down daughter.
586,323,2,Important difference force think arm speak might.
587,1579,4,Father represent like direction man west smile.
588,1155,5,Across present sometimes.
589,1594,1,Blood response their production range star magazine.
590,618,5,Computer change address power.
591,91,2,Education home follow matter size fight this.
592,559,2,Know miss look final.
593,1297,3,Well home home generation onto bar across some.
594,776,2,Congress certain seek less each city ago hotel.
595,379,4,Enough choose likely interesting increase international door.
596,1751,2,Between some without fly.
597,738,1,Consider house audience site represent.
598,573,3,Crime during I degree else picture.
599,1696,4,Establish look community allow.
600,1359,4,Within face offer method.
601,1554,3,Generation protect if personal.
602,78,4,Story although style rate social organization.
603,4,5,Reach job human include.
604,1471,1,Policy amount region grow.
605,484,2,Boy other guy again clear provide.
606,300,5,Large throughout lawyer moment million bar.
607,695,4,Way agency away effort assume set every.
608,284,3,He instead blood page feeling claim.
609,1578,4,Case owner anything.
610,1892,4,Serious dark movement big issue region far.
611,145,5,View up southern win person question up.
612,933,5,Every hospital try through form.
613,517,2,Provide book without attention serious create.
614,386,3,Behavior across these include include car scientist.
615,196,4,Although body themselves blood key billion.
616,390,1,Speech power type.
617,844,5,Health various somebody represent.
618,1737,4,Some will entire think.
619,36,4,Family into change agent science director.
620,806,5,Red north again camera issue.
621,1352,5,Consumer everyone speak.
622,410,4,Red quickly three rich.
623,447,2,Live friend think arrive anyone program.
624,998,2,Along audience develop fight.
625,1659,4,Purpose total up little red crime cell certainly.
626,700,3,Response particularly admit wife.
627,797,5,Shoulder true run likely rate.
628,875,1,Site son over result report budget movement.
629,808,2,Office town project.
630,317,1,Artist step tell of address attorney all.
631,396,2,Plant high north generation trade person.
632,1989,3,Successful three film standard according.
633,40,2,Special reduce society.
634,1035,4,My really artist local sport around state.
635,1391,3,Half public might concern heavy.
636,1893,3,Police six apply free open.
637,1663,2,Ever list face send time seek.
638,845,1,Best event surface determine realize moment cost.
639,1310,1,Compare between least why.
640,833,2,Hundred no open.
641,198,2,She door oil maintain enter professor view.
642,511,5,Political create these until on analysis amount.
643,1418,2,Go really himself structure.
644,1031,5,Positive can miss moment every social air.
645,223,1,Major state market system either movement maintain.
646,705,3,Chance stuff bank.
647,1647,5,Realize site election.
648,1812,3,Charge less leave because.
649,1965,2,Interest traditional score large character.
650,1973,3,Democratic enough defense.
651,1441,2,Seek reason physical store church.
652,128,1,Should news rather couple then spring.
653,263,1,Work peace nice interview class.
654,786,5,Project receive more remain own should gas.
655,442,1,Ball happen land back design drug wait.
656,669,5,Budget little nice significant.
657,1312,5,Work everybody bring he.
658,1430,4,Shoulder already arrive design project idea.
659,400,2,Heart recently maybe administration piece Democrat.
660,781,5,Rather face born national report.
661,1906,4,Happy history indicate clear dog.
662,1309,2,Name maybe at challenge call local.
663,1708,4,Cold gas role teach even material.
664,1597,1,Idea as enter magazine player piece challenge not.
665,1548,3,Ready father success.
666,1282,3,Music early computer deal easy.
667,667,2,Really able note within wait.
668,287,3,Them already away manager our very how.
669,81,3,Time including compare chair.
670,1278,3,Fish wind alone hot material evening.
671,1105,4,Position school sell same focus where.
672,234,5,Resource news great question.
673,1141,4,Example general brother hope.
674,159,5,Upon call artist admit paper.
675,586,2,Step art information role.
676,779,3,Far cell story agent race attorney.
677,1516,5,Coach particular sing and.
678,1591,2,Hot car determine.
679,698,4,Sort shoulder today scene.
680,645,3,Production event race.
681,678,5,Hear market couple fall notice when.
682,580,5,Society protect happen weight.
683,647,2,Story wind clearly.
684,1029,4,And end again food event be.
685,1036,2,Continue sport local lose image office.
686,595,2,Agreement toward wife mean her treatment wife effect.
687,1687,5,Ask buy fine.
688,441,4,Away sign couple drop easy official conference.
689,1228,5,Century number almost interesting develop call soon.
690,968,4,Laugh feel during stay school agent.
691,62,3,A enjoy national.
692,535,2,Ball adult way certainly.
693,1169,4,Black teacher degree contain we boy.
694,331,1,Describe place huge eat tonight security.
695,1764,4,Citizen land fast send yet these idea.
696,842,4,Benefit tough few house heavy high travel.
697,1140,3,Hot too newspaper pull.
698,1800,5,Owner change around record charge tree.
699,1959,1,Job challenge difficult personal possible wind face do.
700,1354,2,Bed Democrat doctor run.
